username,sport
dryerpine,tennis
stingerspeech,soccer
trollingcynical,soccer
peculiarlyhint,rugby
magmawhich,rugby
samariumreaffirm,tennis
flowerdetail,badminton
shelterremovable,soccer
nimbleafford,tennis
untaxedroyal,football
nursingrise,football
kindleslumbering,badminton
supremacyeject,soccer
opulentlysulfite,rugby
sugarretorted,soccer
sceneinterest,football
evaluatorfoci,tennis
limitedvomiting,football
asksepsis,badminton
nissanpug,soccer
macefastball,soccer
hypnosisthap,football
jumperdisks,badminton
heapbonehead,badminton
mulebaseball,tennis
updatesleader,football
theesnob,football
lancashireprimal,football
tubularwomba,football
cosecomniscient,football
embezzledisloyal,football
begriver,tennis
mindcanola,tennis
havenjarring,tennis
enthralledwave,tennis
weighingjackson,soccer
bountifulcardigan,soccer
wychartichoke,soccer
dispenserssaint,soccer
defensivegrandpa,soccer
beltedape,badminton
newtoncadet,badminton
similejackrabbit,badminton
lengthbiohazard,rugby
bogartparagon,rugby
expansetimely,rugby
skyrocketmetacarpal,soccer
subwayglaze,soccer
marriagescream,soccer
starkiron,soccer